,rede,epocas,maxLoss,maxValLoss,maxAcc,maxValAcc,minLoss,minValLoss,minAcc,minValAcc,meanLoss,meanValLoss,meanAcc,meanValAcc
0,InceptionV3,1000,1.9673111289739609,4.176482129629433,1.0,4.176482129629433,0.0027401480071533183,0.26037557937075423,0.5427952271241409,0.49627792894396533,0.07981294672624567,1.0501968713625156,0.9661326507169467,0.7881042208378722
1,'VGG16',1000,0.6971061046306903,1.4162419717897552,1.0,1.4162419717897552,0.0005143638985688225,0.06017286029110475,0.49620802585895246,0.466501239363668,0.1455117787331622,0.29615715879557436,0.9282035473063588,0.8908883388825594
2,'VGG19',1000,0.715887936261984,0.7409879358175671,0.9991197139024734,0.7409879358175671,0.0033396868966519833,0.12751480525650694,0.48104009949243987,0.4665012361837676,0.22674365469576935,0.34492722946996557,0.8886293329877348,0.8605607960975495
3,'mobilenet',1000,2.4513886272907257,3.733322602643564,0.9837486422978915,3.733322602643564,0.04863469732495455,0.32905792775875875,0.48239436745643616,0.4640198583638402,0.25511662264096624,0.9899814026169016,0.8774257852526812,0.7172878450871105
4,'InceptionV3',3000,1.9722149521112442,6.598597441358542,1.0,6.598597441358542,2.343569296779326e-05,0.09438671297382184,0.5482123539997981,0.5086848676648389,0.03292631560368468,0.7431836787769447,0.9867637891662425,0.862985113918239
5,'VGG16',3000,0.691017284989357,0.831031219835021,1.0,0.831031219835021,1.1858928701258264e-05,0.06517071024891423,0.4940411654802469,0.5161290310008946,0.050687893918931394,0.20220737441335254,0.9758351597862366,0.9496534317611564
6,'VGG19',3000,0.6945721873870263,1.3068272913655927,1.0,1.3068272913655927,2.3324399762714165e-05,0.09990914220512653,0.48104009949243987,0.466501239363668,0.07514524257247995,0.28324687675479915,0.963845452475051,0.9281588107692593
7,'mobilenet',3000,2.287464812397957,5.706403634092648,1.0,5.706403634092648,0.00036508621101697476,0.282754727096179,0.5123239457607269,0.48883374822938414,0.10346716942619863,0.7646010483598756,0.9507627970583927,0.8272564123465909
