,rede,epocas,maxLoss,maxValLoss,maxAcc,maxValAcc,minLoss,minValLoss,minAcc,minValAcc,meanLoss,meanValLoss,meanAcc,meanValAcc
0,InceptionV3,1000,1.9673111289739609,4.176482129629433,1.0,4.176482129629433,0.0027401480071533183,0.26037557937075423,0.5427952271241409,0.49627792894396533,0.07981294672624567,1.0501968713625156,0.9661326507169467,0.7881042208378722
1,'VGG16',1000,0.6971061046306903,1.4162419717897552,1.0,1.4162419717897552,0.0005143638985688225,0.06017286029110475,0.49620802585895246,0.466501239363668,0.1455117787331622,0.29615715879557436,0.9282035473063588,0.8908883388825594
2,'VGG19',1000,0.715887936261984,0.7409879358175671,0.9991197139024734,0.7409879358175671,0.0033396868966519833,0.12751480525650694,0.48104009949243987,0.4665012361837676,0.22674365469576935,0.34492722946996557,0.8886293329877348,0.8605607960975495
3,'mobilenet',1000,2.4513886272907257,3.733322602643564,0.9837486422978915,3.733322602643564,0.04863469732495455,0.32905792775875875,0.48239436745643616,0.4640198583638402,0.25511662264096624,0.9899814026169016,0.8774257852526812,0.7172878450871105
